{"cameraMode":{"drawMode":0,"name":"Shaded","section":"Shading Mode"},"sceneLighting":false,"audioPlay":false,"sceneViewState":{"showFog":true,"showMaterialUpdate":false,"showSkybox":false,"showFlares":true,"showImageEffects":true,"showParticleSystems":true},"in2DMode":false,"pivot":{"x":0.002355813980102539,"y":0.49507856369018557,"z":0.016012415289878846},"rotation":{"x":-0.34927791357040408,"y":0.6054447293281555,"z":-0.33540886640548708,"w":-0.6316190361976624},"size":2.8995566368103029,"orthographic":true}