{"cameraMode":{"drawMode":0,"name":"Shaded","section":"Shading Mode"},"sceneLighting":false,"audioPlay":false,"sceneViewState":{"showFog":true,"showMaterialUpdate":false,"showSkybox":false,"showFlares":true,"showImageEffects":true,"showParticleSystems":true},"in2DMode":false,"pivot":{"x":-0.5123825073242188,"y":165.43380737304688,"z":0.1914348602294922},"rotation":{"x":-0.03292502462863922,"y":-0.29794204235076907,"z":0.010279304347932339,"w":-0.953960657119751},"size":68.37374877929688,"orthographic":true}