{"cameraMode":{"drawMode":0,"name":"Shaded","section":"Shading Mode"},"sceneLighting":false,"audioPlay":false,"sceneViewState":{"showFog":true,"showMaterialUpdate":false,"showSkybox":true,"showFlares":true,"showImageEffects":true,"showParticleSystems":true},"in2DMode":false,"pivot":{"x":104.71397399902344,"y":17.614166259765626,"z":135.42684936523438},"rotation":{"x":-0.0697515606880188,"y":-0.4076816737651825,"z":0.031232653185725213,"w":-0.9099202752113342},"size":296.215087890625,"orthographic":true}