{"cameraMode":{"drawMode":0,"name":"Shaded","section":"Shading Mode"},"sceneLighting":false,"audioPlay":false,"sceneViewState":{"showFog":true,"showMaterialUpdate":false,"showSkybox":true,"showFlares":true,"showImageEffects":true,"showParticleSystems":true},"in2DMode":false,"pivot":{"x":-6.865897178649902,"y":2.3170037269592287,"z":6.543802261352539},"rotation":{"x":-0.699614405632019,"y":0.0314694307744503,"z":-0.030871514230966569,"w":-0.713159441947937},"size":31.57978057861328,"orthographic":false}