{"cameraMode":{"drawMode":0,"name":"Shaded","section":"Shading Mode"},"sceneLighting":false,"audioPlay":false,"sceneViewState":{"showFog":true,"showMaterialUpdate":false,"showSkybox":true,"showFlares":true,"showImageEffects":true,"showParticleSystems":true},"in2DMode":false,"pivot":{"x":-114.01702117919922,"y":2.3046875,"z":25.91943359375},"rotation":{"x":0.7027696967124939,"y":-0.009639591909945012,"z":0.01059418823570013,"w":0.7112732529640198},"size":43.45363235473633,"orthographic":true}