{"cameraMode":{"drawMode":0,"name":"Shaded","section":"Shading Mode"},"sceneLighting":false,"audioPlay":false,"sceneViewState":{"showFog":true,"showMaterialUpdate":false,"showSkybox":true,"showFlares":true,"showImageEffects":true,"showParticleSystems":true},"in2DMode":false,"pivot":{"x":63.33879852294922,"y":9.782001495361329,"z":225.99240112304688},"rotation":{"x":-0.14526981115341187,"y":-0.6903467178344727,"z":0.14454954862594605,"w":-0.6938468813896179},"size":901.36279296875,"orthographic":true}