{"cameraMode":{"drawMode":0,"name":"Shaded","section":"Shading Mode"},"sceneLighting":false,"audioPlay":false,"sceneViewState":{"showFog":true,"showMaterialUpdate":false,"showSkybox":false,"showFlares":true,"showImageEffects":true,"showParticleSystems":true},"in2DMode":false,"pivot":{"x":130.62628173828126,"y":101.0469970703125,"z":26.457632064819337},"rotation":{"x":0.06920824944972992,"y":0.9181856513023377,"z":-0.18507221341133119,"w":0.34335634112358096},"size":50.48228454589844,"orthographic":true}