{"cameraMode":{"drawMode":0,"name":"Shaded","section":"Shading Mode"},"sceneLighting":false,"audioPlay":false,"sceneViewState":{"showFog":true,"showMaterialUpdate":false,"showSkybox":true,"showFlares":true,"showImageEffects":true,"showParticleSystems":true},"in2DMode":false,"pivot":{"x":187.27264404296876,"y":58.224159240722659,"z":22.16373634338379},"rotation":{"x":-0.06235039606690407,"y":-0.6098705530166626,"z":0.048212870955467227,"w":-0.7885720729827881},"size":34.68418502807617,"orthographic":true}