{"cameraMode":{"drawMode":0,"name":"Shaded","section":"Shading Mode"},"sceneLighting":false,"audioPlay":false,"sceneViewState":{"showFog":true,"showMaterialUpdate":false,"showSkybox":true,"showFlares":true,"showImageEffects":true,"showParticleSystems":true},"in2DMode":false,"pivot":{"x":-148.83859252929688,"y":1.0417635440826417,"z":18.200437545776368},"rotation":{"x":0.0019828430376946928,"y":-0.9899774789810181,"z":0.1405191272497177,"w":0.013970011845231057},"size":22.0,"orthographic":true}