{"cameraMode":{"drawMode":0,"name":"Shaded","section":"Shading Mode"},"sceneLighting":false,"audioPlay":false,"sceneViewState":{"showFog":true,"showMaterialUpdate":false,"showSkybox":false,"showFlares":true,"showImageEffects":true,"showParticleSystems":true},"in2DMode":false,"pivot":{"x":131.43984985351563,"y":97.98258209228516,"z":26.842601776123048},"rotation":{"x":0.06920824944972992,"y":0.9181856513023377,"z":-0.18507221341133119,"w":0.34335634112358096},"size":49.84354019165039,"orthographic":true}