{"cameraMode":{"drawMode":0,"name":"Shaded","section":"Shading Mode"},"sceneLighting":false,"audioPlay":false,"sceneViewState":{"showFog":true,"showMaterialUpdate":false,"showSkybox":true,"showFlares":true,"showImageEffects":true,"showParticleSystems":true},"in2DMode":false,"pivot":{"x":170.09213256835938,"y":-0.921875,"z":11.42828369140625},"rotation":{"x":-0.6464247703552246,"y":0.002616296987980604,"z":-0.002296007936820388,"w":-0.7629697918891907},"size":29.604013442993165,"orthographic":true}