{"cameraMode":{"drawMode":0,"name":"Shaded","section":"Shading Mode"},"sceneLighting":false,"audioPlay":false,"sceneViewState":{"showFog":true,"showMaterialUpdate":false,"showSkybox":false,"showFlares":true,"showImageEffects":true,"showParticleSystems":true},"in2DMode":false,"pivot":{"x":-5.960464477539063e-8,"y":0.4189715087413788,"z":-0.00737825408577919},"rotation":{"x":-0.34927791357040408,"y":0.6054447293281555,"z":-0.33540886640548708,"w":-0.6316190361976624},"size":2.201669454574585,"orthographic":true}