{"cameraMode":{"drawMode":0,"name":"Shaded","section":"Shading Mode"},"sceneLighting":false,"audioPlay":false,"sceneViewState":{"showFog":true,"showMaterialUpdate":false,"showSkybox":false,"showFlares":true,"showImageEffects":true,"showParticleSystems":true},"in2DMode":false,"pivot":{"x":-0.04930350184440613,"y":0.1375250220298767,"z":0.010645002126693726},"rotation":{"x":0.22730326652526856,"y":-0.7061072587966919,"z":0.2598620057106018,"w":0.6182374358177185},"size":1.0737580060958863,"orthographic":true}