{"cameraMode":{"drawMode":0,"name":"Shaded","section":"Shading Mode"},"sceneLighting":false,"audioPlay":false,"sceneViewState":{"showFog":true,"showMaterialUpdate":false,"showSkybox":true,"showFlares":true,"showImageEffects":true,"showParticleSystems":true},"in2DMode":false,"pivot":{"x":641.2379150390625,"y":2773.845947265625,"z":-3348.89013671875},"rotation":{"x":0.21642480790615083,"y":0.6441245675086975,"z":-0.19613516330718995,"w":0.7069618105888367},"size":47.078102111816409,"orthographic":true}