{"cameraMode":{"drawMode":0,"name":"Shaded","section":"Shading Mode"},"sceneLighting":false,"audioPlay":false,"sceneViewState":{"showFog":true,"showMaterialUpdate":false,"showSkybox":true,"showFlares":true,"showImageEffects":true,"showParticleSystems":true},"in2DMode":false,"pivot":{"x":105.49547576904297,"y":27.9936580657959,"z":135.23878479003907},"rotation":{"x":0.004159111995249987,"y":-0.37853962182998659,"z":-0.0017195524415001274,"w":-0.9255742430686951},"size":310.76361083984377,"orthographic":true}