{"cameraMode":{"drawMode":0,"name":"Shaded","section":"Shading Mode"},"sceneLighting":false,"audioPlay":false,"sceneViewState":{"showFog":true,"showMaterialUpdate":false,"showSkybox":true,"showFlares":true,"showImageEffects":true,"showParticleSystems":true},"in2DMode":false,"pivot":{"x":1315.928955078125,"y":2330.7216796875,"z":-9.635986328125},"rotation":{"x":-0.012308500707149506,"y":-0.01140163280069828,"z":0.00014036211359780282,"w":-0.9998592734336853},"size":3171.7138671875,"orthographic":false}