{"cameraMode":{"drawMode":0,"name":"Shaded","section":"Shading Mode"},"sceneLighting":false,"audioPlay":false,"sceneViewState":{"showFog":true,"showMaterialUpdate":false,"showSkybox":true,"showFlares":true,"showImageEffects":true,"showParticleSystems":true},"in2DMode":false,"pivot":{"x":2235.1416015625,"y":1854.96630859375,"z":-23400.009765625},"rotation":{"x":-0.01155017875134945,"y":0.24200446903705598,"z":0.003272534580901265,"w":0.9702008962631226},"size":110.0292739868164,"orthographic":true}