{"cameraMode":{"drawMode":0,"name":"Shaded","section":"Shading Mode"},"sceneLighting":false,"audioPlay":false,"sceneViewState":{"showFog":true,"showMaterialUpdate":false,"showSkybox":true,"showFlares":true,"showImageEffects":true,"showParticleSystems":true},"in2DMode":false,"pivot":{"x":1091.2200927734375,"y":1993.1260986328125,"z":2.524658203125},"rotation":{"x":-0.008401214145123959,"y":-0.007609400432556868,"z":-0.0006804863223806024,"w":-0.9999355673789978},"size":2563.751953125,"orthographic":false}