{"cameraMode":{"drawMode":0,"name":"Shaded","section":"Shading Mode"},"sceneLighting":false,"audioPlay":false,"sceneViewState":{"showFog":true,"showMaterialUpdate":false,"showSkybox":false,"showFlares":true,"showImageEffects":true,"showParticleSystems":true},"in2DMode":false,"pivot":{"x":130.6650390625,"y":101.89993286132813,"z":25.783382415771486},"rotation":{"x":0.06920824944972992,"y":0.9181856513023377,"z":-0.18507221341133119,"w":0.34335634112358096},"size":43.19719696044922,"orthographic":true}