{"cameraMode":{"drawMode":0,"name":"Shaded","section":"Shading Mode"},"sceneLighting":false,"audioPlay":false,"sceneViewState":{"showFog":true,"showMaterialUpdate":false,"showSkybox":false,"showFlares":true,"showImageEffects":true,"showParticleSystems":true},"in2DMode":false,"pivot":{"x":130.6057586669922,"y":102.98417663574219,"z":25.868698120117189},"rotation":{"x":0.06920824944972992,"y":0.9181856513023377,"z":-0.18507221341133119,"w":0.34335634112358096},"size":37.29582214355469,"orthographic":true}