{"cameraMode":{"drawMode":0,"name":"Shaded","section":"Shading Mode"},"sceneLighting":false,"audioPlay":false,"sceneViewState":{"showFog":true,"showMaterialUpdate":false,"showSkybox":true,"showFlares":true,"showImageEffects":true,"showParticleSystems":true},"in2DMode":false,"pivot":{"x":154.24191284179688,"y":20.42578125,"z":-16.87890625},"rotation":{"x":0.04453166574239731,"y":0.9255433678627014,"z":-0.35792285203933718,"w":0.11522834002971649},"size":184.09515380859376,"orthographic":true}