{"cameraMode":{"drawMode":0,"name":"Shaded","section":"Shading Mode"},"sceneLighting":false,"audioPlay":false,"sceneViewState":{"showFog":true,"showMaterialUpdate":false,"showSkybox":true,"showFlares":true,"showImageEffects":true,"showParticleSystems":true},"in2DMode":false,"pivot":{"x":641.2379150390625,"y":2777.2587890625,"z":-3354.6865234375},"rotation":{"x":-0.07791884988546372,"y":-0.6657299995422363,"z":0.06919711828231812,"w":-0.7388802170753479},"size":52.2507209777832,"orthographic":true}