{"cameraMode":{"drawMode":0,"name":"Shaded","section":"Shading Mode"},"sceneLighting":false,"audioPlay":false,"sceneViewState":{"showFog":true,"showMaterialUpdate":false,"showSkybox":true,"showFlares":true,"showImageEffects":true,"showParticleSystems":true},"in2DMode":false,"pivot":{"x":-92.89151763916016,"y":-2.4466094970703127,"z":7.381084442138672},"rotation":{"x":-0.6440198421478272,"y":0.15909834206104279,"z":-0.13938774168491364,"w":-0.7351851463317871},"size":58.97067642211914,"orthographic":true}